"ISO","Constant","static_inv_TT_Cities","EcoRegionId","GHS_dPop_00_15","MapSpam_arable","MapSpam_permacrops","relpotaccess_2000","crops_fract","grass_fract","shrubs_fract","reltri","w_shrubs_fract","w_reltri","w_inv_TT_Cities"
"GHA",-5.52842007289995,0,0.00464071957539561,-0.000721047666366333,0.0173472465971844,0.00373949709548061,0.599607446350606,0.108500481564208,-0.0907417549101931,-0.0571891992446358,-2.88456424347416,0.0929847831638293,-8.56679050735404,-0.404905205366371
General,-5.52842007289995,0,0.00464071957539561,-0.000721047666366333,0.0173472465971844,0.00373949709548061,0.599607446350606,0.108500481564208,-0.0907417549101931,-0.0571891992446358,-2.88456424347416,0.0929847831638293,-8.56679050735404,-0.404905205366371