"ISO","Constant","static_inv_TT_Cities","EcoRegionId","GHS_dPop_00_15","MapSpam_arable","MapSpam_permacrops","relpotaccess_2000","crops_fract","grass_fract","shrubs_fract","reltri","w_shrubs_fract","w_reltri","w_inv_TT_Cities"
"GHA",2.98104604454389,-3.25824905562199,-0.0109774570034393,0,0,-0.0889089462892512,0.457354389095595,-0.0433404616595731,0.103825160406205,-0.0259321817695973,0,-0.0386269040846645,-3.55013751954718,0
General,2.98104604454389,-3.25824905562199,-0.0109774570034393,0,0,-0.0889089462892512,0.457354389095595,-0.0433404616595731,0.103825160406205,-0.0259321817695973,0,-0.0386269040846645,-3.55013751954718,0