"ISO","Constant","static_inv_TT_Cities","EcoRegionId","GHS_dPop_00_15","MapSpam_arable","MapSpam_permacrops","relpotaccess_2000","crops_fract","grass_fract","shrubs_fract","reltri","w_shrubs_fract","w_reltri","w_inv_TT_Cities"
"GHA",-30.7028942739616,0,0.0406734669891029,-0.000269196835610689,0,0.00290447038890937,-2.61704804833217,-0.0417677328460615,0.0940516146812246,-0.0637357890902817,0,-0.16328574430547,-16.2031070208296,0
General,-30.7028942739616,0,0.0406734669891029,-0.000269196835610689,0,0.00290447038890937,-2.61704804833217,-0.0417677328460615,0.0940516146812246,-0.0637357890902817,0,-0.16328574430547,-16.2031070208296,0