ISO,Constant,log_cocoa_climate_suit,rough,static_inv_TT_Cities
GHA,-1.4495701,0.5403827,0.0045520,-1.8180171
General,-1.4495701,0.5403827,0.0045520,-1.8180171